,0,1
L,8.171181071821062,12.005208333333334
A,7.576443208998643,7.517361111111111
P,7.382506949382636,7.039930555555555
V,6.768375460598616,6.501736111111112
R,6.57443920098261,6.458333333333334
S,6.160708513801797,6.406249999999999
I,5.999094964121792,6.154513888888889
G,5.585364276940979,6.085069444444445
K,5.5788997349537786,5.78125
T,5.042342750016162,5.104166666666667
F,4.9130519102721575,5.078125
E,4.525179391040145,4.479166666666667
D,4.4928566811041435,4.027777777777778
Y,3.878725192320124,3.585069444444444
N,3.74296981058892,3.1510416666666665
Q,3.7365052686017197,2.986111111111111
M,2.8120757644320897,2.2743055555555554
W,2.779753054496089,1.9618055555555556
H,2.5922813368672832,1.9010416666666665
C,1.687245458659254,1.5017361111111112
