,R,K,N,D,Q,E,H,P,Y,W,S,T,G,A,M,C,F,L,V,I
R,6.183885547754028,4.308832560663458,7.650612801264644,12.36935757981698,8.36080889481623,12.80371337621885,9.346083752114044,8.799015622885573,12.529997759371776,15.917830565580795,5.581483014226141,7.6298730942443065,2.062591754826034,4.313796697254456,8.67548376601031,6.333076541881473,10.965956851710745,8.929295156737018,8.490958068076363,8.98988565690778
K,4.308832560663458,6.039403638795827,7.564225818146245,10.640042248894536,7.067179471263902,12.222682036050509,7.802569679485059,6.11619737760908,12.539294700534011,14.012578237212788,4.624838947767181,7.153790428053675,-0.31263535907071116,2.6808381013203446,8.546763723342073,3.2525886759755624,10.12790349464109,8.277162735123685,8.443234227491855,9.678191600098767
N,7.650612801264644,7.564225818146245,5.410897302468327,6.259367059305937,6.435143793235765,5.372411422236033,4.75586595856972,5.200711827706403,8.185097931448484,8.466553532525934,4.088556939537906,5.731735617053974,-0.7812419834213914,0.3361497443796096,5.306147153429034,2.106740915382007,6.800262237067947,3.793132029079467,3.367253271870095,5.08915060426291
D,12.36935757981698,10.640042248894536,6.259367059305939,-0.48665832439105244,4.488070493424128,1.0445503728892798,7.837990373488793,5.584465176622518,5.67947997399542,4.841664512642758,5.6777452506200055,6.491677439556215,-1.8305365156905127,-0.19210142490971072,4.984492997359163,-0.47944766696022867,4.909160997514627,2.6765716943888336,3.3637520193270998,3.669260568634588
Q,8.36080889481623,7.067179471263902,6.435143793235765,4.488070493424128,6.711527053288289,4.483482050155566,5.879106430022204,6.966779763745112,8.569839216403793,10.591389421899201,3.6095419064500756,6.191838562593379,-1.2688070618877139,2.9581317484149254,7.384634527581183,2.547243683510808,9.421276383648554,7.4594384391657105,6.843893767304818,8.062500494110749
E,12.80371337621885,12.222682036050509,5.372411422236035,1.0445503728892798,4.483482050155566,1.3596530185658084,6.724279334071463,6.443684976004364,7.481018318581904,9.419732499923477,5.118428021040192,6.571621440194395,-2.423506875149233,2.3602719409668964,6.179521129377966,0.5468680337994238,7.915244675140844,6.477115427173494,6.230812618381351,7.475015342976429
H,9.346083752114044,7.802569679485059,4.755865958569718,7.837990373488793,5.879106430022204,6.724279334071461,12.740313828955955,8.683734867881425,12.074213681212335,13.473151467772128,4.284163166462317,6.72062748523456,-0.12707688602149397,3.290028382064565,8.527557199975892,6.643265437652429,11.210587799079313,7.629708965159139,7.21139938413097,8.9660394724612
P,8.799015622885573,6.11619737760908,5.200711827706405,5.584465176622517,6.966779763745112,6.443684976004364,8.683734867881425,4.941260938810324,12.347013441394157,16.90026316449799,3.2249133485809582,5.978565867964935,-0.7690763977722187,2.9605008200596954,8.202944747849472,4.938026950581905,11.077668210088984,6.401512492357839,6.402722147204174,6.625138354840393
Y,12.529997759371776,12.539294700534011,8.185097931448484,5.67947997399542,8.569839216403793,7.481018318581904,12.074213681212335,12.347013441394157,14.068068353848616,14.469809782731001,4.808292632915738,6.9752333988008655,1.709446930625358,6.562561628744655,12.034946487484245,6.911944355215562,14.268622908695686,11.035908919440969,11.057709767268467,13.179248727349771
W,15.917830565580795,14.012578237212786,8.466553532525934,4.8416645126427555,10.5913894218992,9.419732499923477,13.473151467772126,16.90026316449799,14.469809782731005,22.462153751271167,6.15659739991006,7.944339993903227,4.163924632374953,7.88854883540014,14.967636987187031,9.420528321896581,15.399203169800323,13.02316694933406,12.7622618473288,13.47496871632716
S,5.581483014226139,4.624838947767181,4.088556939537906,5.6777452506200055,3.6095419064500756,5.118428021040192,4.284163166462317,3.22491334858096,4.808292632915738,6.15659739991006,-1.7371548690459586,3.6183447115670897,-4.041262440998313,-1.2802170121019893,4.250984252983173,0.7665135468659576,5.165335920878983,3.5066722514283155,2.73260266089777,3.8978217596406233
T,7.6298730942443065,7.153790428053675,5.731735617053974,6.4916774395562165,6.191838562593379,6.571621440194395,6.720627485234562,5.978565867964935,6.9752333988008655,7.944339993903227,3.6183447115670897,3.7713722065453466,-1.0702572747285548,2.6162742382551047,5.295034588611648,1.0547452292346018,6.862741525154372,4.63554324865121,5.680463855818979,5.595510920037281
G,2.062591754826034,-0.31263535907071116,-0.7812419834213926,-1.8305365156905127,-1.2688070618877152,-2.4235068751492315,-0.12707688602149284,-0.7690763977722187,1.709446930625358,4.163924632374952,-4.041262440998315,-1.0702572747285548,-8.90793133042962,-4.91036113634089,0.13381017502934212,-3.27932635995042,1.595423649007444,-1.698084171842836,-1.5958249900542432,-0.759933523447077
A,4.313796697254458,2.6808381013203446,0.33614974437960743,-0.19210142490971072,2.9581317484149237,2.3602719409668964,3.290028382064565,2.9605008200596954,6.562561628744655,7.88854883540014,-1.2802170121019893,2.616274238255106,-4.91036113634089,-1.4689980912380842,6.39190766110712,0.3009278067590562,6.9605056205848115,8.037590383996049,6.90335536806053,8.025549176478467
M,8.675483766010311,8.546763723342073,5.306147153429034,4.984492997359162,7.384634527581181,6.179521129377964,8.527557199975892,8.202944747849472,12.034946487484245,14.967636987187035,4.250984252983173,5.295034588611648,0.13381017502934212,6.39190766110712,15.806175249823667,6.574138204600103,12.972456758116094,10.358033471035009,9.32554329259776,10.936466828652316
C,6.333076541881475,3.2525886759755624,2.1067409153820087,-0.47944766696022867,2.5472436835108097,0.5468680337994238,6.643265437652429,4.938026950581905,6.911944355215565,9.420528321896578,0.7665135468659576,1.0547452292346018,-3.27932635995042,0.3009278067590562,6.574138204600102,20.758878168279985,7.935589146880712,5.534225370586724,4.575993946739568,7.196845355437439
F,10.965956851710745,10.12790349464109,6.800262237067947,4.9091609975146255,9.421276383648554,7.915244675140844,11.210587799079313,11.077668210088984,14.268622908695686,15.399203169800323,5.165335920878983,6.862741525154372,1.595423649007444,6.9605056205848115,12.972456758116094,7.935589146880715,13.756167749895692,12.496758576543098,11.062686191113269,13.01861983227678
L,8.929295156737018,8.277162735123685,3.7931320290794677,2.676571694388832,7.4594384391657105,6.477115427173494,7.629708965159139,6.401512492357839,11.035908919440969,13.02316694933406,3.5066722514283155,4.635543248651208,-1.698084171842836,8.037590383996049,10.358033471035009,5.534225370586724,12.496758576543098,9.024466071346968,9.841991404268635,11.248060837881688
V,8.490958068076361,8.443234227491855,3.367253271870095,3.3637520193270998,6.843893767304819,6.230812618381351,7.21139938413097,6.402722147204174,11.057709767268467,12.7622618473288,2.73260266089777,5.680463855818979,-1.5958249900542432,6.90335536806053,9.32554329259776,4.575993946739568,11.062686191113269,9.841991404268635,7.826354224510915,11.072043039976316
I,8.98988565690778,9.678191600098767,5.08915060426291,3.669260568634588,8.062500494110749,7.475015342976429,8.9660394724612,6.625138354840393,13.17924872734977,13.474968716327158,3.8978217596406233,5.595510920037281,-0.759933523447077,8.025549176478467,10.936466828652318,7.196845355437439,13.01861983227678,11.248060837881688,11.072043039976316,10.232401016006794
