R,K,N,D,Q,E,H,P,Y,W,S,T,G,A,M,C,F,L,V,I
6.3949423863957655,4.349211898928292,7.593471807271989,12.252299294696492,8.370806386980302,12.702543745647919,9.357665319925946,8.97689570368198,12.452191728518303,15.738380814153318,5.55386914225993,7.537621929113195,2.0176734256454107,4.421830534784907,8.55575082443805,6.248572415939839,10.973079091175046,8.992416834740142,8.47424315813512,9.007438015852715
4.349211898928292,6.290067307606315,7.445529112459127,10.613490276628957,7.056548229887652,12.118646144520469,7.971759564691405,6.20394814792546,12.647553236604006,13.83894423596301,4.46372810240585,7.091726691398908,-0.3679480860056974,2.6728233037800746,8.332806285077579,2.954591180055848,10.039796730096802,8.20615112616056,8.379281652084524,9.736792337986207
7.593471807271989,7.445529112459127,5.679622238140032,6.4197666061225656,6.517484909546788,5.447238745128997,4.90669553607661,5.127843721878035,8.268870856865103,8.66205939731945,4.152740715368216,5.822385288395791,-0.7795622948560015,0.2835545298200609,5.271233898950416,2.207509081657748,6.875783973079061,3.772635057525319,3.4383751797885864,5.074794117463986
12.252299294696488,10.613490276628955,6.419766606122568,-0.2633461827746181,4.507197163314459,1.201511257981571,7.686166243214041,5.57546305447441,5.816904621389577,5.205509747739097,5.671429561369491,6.49578669513506,-1.8078572062842522,-0.23720266619095928,5.165805996218423,-0.36290439880593295,5.015981766740314,2.6726591311906422,3.4001712557624013,3.7636866814438266
8.370806386980302,7.056548229887652,6.517484909546788,4.507197163314459,6.958631769199664,4.5041522563149,5.916486374704377,6.961278551319758,8.438178363705408,11.025259069329547,3.654118322557482,6.224219191208986,-1.2567424611897193,2.9530782188098605,7.460167755142494,2.668436924905131,9.286944967669816,7.270511576901813,6.754842152359931,8.08263224457203
12.702543745647919,12.118646144520469,5.447238745128998,1.201511257981571,4.5041522563149,1.5040490432096754,6.8194899841967125,6.513223711405263,7.386567019492492,9.603800006000329,5.1135718571273845,6.579307312404499,-2.413501709326037,2.2898666419115528,6.306987394549646,0.3572384135611566,7.958988816211808,6.433919713419245,6.286481987086275,7.426812627982454
9.357665319925948,7.971759564691405,4.90669553607661,7.686166243214043,5.916486374704377,6.8194899841967125,13.06297946635742,8.587085819972405,12.153583581378872,13.600112163550449,4.302131759901522,6.782313612253192,0.02302385835308008,3.288333300437651,8.806094658393452,6.730201595349627,11.339796152151106,7.560834910553779,7.290995141970484,8.812205130167381
8.976895703681981,6.20394814792546,5.127843721878035,5.57546305447441,6.961278551319758,6.513223711405265,8.587085819972406,5.117869207958544,12.20659905677519,16.530148090599273,3.1649035891151884,6.035839129894221,-0.7607447214510511,3.00854821755262,8.333438098085892,4.97735499069203,10.914359835475722,6.415749871088493,6.425722387287499,6.674557091127805
12.452191728518303,12.647553236604006,8.268870856865103,5.816904621389575,8.438178363705408,7.386567019492491,12.153583581378873,12.206599056775186,14.390857462531322,14.735612683789599,4.914117365256736,6.8083297984335465,1.7020622687558882,6.539937995676758,12.09148417962089,7.20108730926883,14.326332262731462,11.09411399313319,11.108565273791518,13.197702125592572
15.738380814153317,13.83894423596301,8.662059397319448,5.205509747739093,11.025259069329545,9.603800006000329,13.600112163550449,16.530148090599273,14.735612683789599,23.23094775103929,6.258482892829099,8.05066895773585,3.9148097616822914,8.050967821847808,15.284392962003654,9.429565377239017,15.696791306553985,13.194656464128478,12.810046238049386,13.70265467307708
5.553869142259929,4.46372810240585,4.152740715368216,5.671429561369491,3.6541183225574834,5.1135718571273845,4.302131759901522,3.16490358911519,4.914117365256739,6.258482892829099,-1.5954378214975624,3.6955201302567047,-4.0468084817636205,-1.3111890963563924,4.272349135610983,0.8403401766057697,5.206893247713134,3.5216401076842097,2.6631681926532442,3.923327438312212
7.537621929113195,7.091726691398908,5.822385288395791,6.4957866951350605,6.224219191208986,6.579307312404498,6.782313612253193,6.035839129894221,6.8083297984335465,8.050668957735848,3.6955201302567064,3.9510896043347223,-0.9426954951715939,2.609135372051881,5.236785567662942,1.1483493967260647,6.82909461907362,4.51222335321832,5.593962387374676,5.598158122931255
2.0176734256454107,-0.3679480860056974,-0.7795622948560015,-1.8078572062842508,-1.2567424611897193,-2.413501709326037,0.023023858353082297,-0.7607447214510511,1.7020622687558882,3.914809761682293,-4.0468084817636205,-0.9426954951715939,-8.804026326573982,-4.872726897609401,0.26566737239085525,-3.375494876344381,1.4931654991193024,-1.7203062589424958,-1.6149647785690056,-0.8043341121451555
4.421830534784907,2.6728233037800746,0.2835545298200609,-0.23720266619096156,2.9530782188098605,2.2898666419115528,3.2883333004376523,3.00854821755262,6.539937995676755,8.050967821847808,-1.3111890963563935,2.609135372051881,-4.872726897609401,-1.3228175699976257,6.318826778787104,0.4813597554523381,6.996218253040948,8.022283506193144,6.882270198681018,7.952158867720607
8.55575082443805,8.332806285077579,5.271233898950417,5.165805996218423,7.460167755142494,6.3069873945496475,8.806094658393453,8.333438098085892,12.09148417962089,15.284392962003654,4.272349135610983,5.236785567662942,0.26566737239085525,6.318826778787104,16.14569164297427,6.755138131309626,12.861919721121428,10.255854554217734,9.324732917256714,11.016428015749202
6.248572415939839,2.954591180055848,2.207509081657748,-0.36290439880593295,2.668436924905129,0.3572384135611587,6.730201595349627,4.97735499069203,7.20108730926883,9.429565377239017,0.8403401766057697,1.1483493967260647,-3.375494876344382,0.4813597554523381,6.755138131309626,20.80649421858054,8.090581947822558,5.631627897025365,4.705630497693715,7.034299468812938
10.973079091175046,10.039796730096802,6.875783973079061,5.015981766740314,9.286944967669818,7.958988816211811,11.339796152151106,10.914359835475722,14.326332262731462,15.696791306553985,5.206893247713134,6.82909461907362,1.4931654991193024,6.996218253040948,12.861919721121428,8.090581947822557,13.964510346218479,12.472702102367519,11.125524133310417,13.0075384993694
8.992416834740142,8.20615112616056,3.772635057525319,2.6726591311906422,7.270511576901813,6.433919713419245,7.560834910553779,6.415749871088492,11.09411399313319,13.194656464128478,3.5216401076842097,4.512223353218323,-1.7203062589424958,8.022283506193144,10.255854554217734,5.631627897025365,12.472702102367519,9.119219854385804,9.758296003505313,11.1434891396868
8.47424315813512,8.379281652084524,3.4383751797885864,3.400171255762403,6.754842152359931,6.286481987086275,7.290995141970484,6.425722387287499,11.108565273791518,12.810046238049386,2.6631681926532424,5.593962387374676,-1.6149647785690056,6.8822701986810175,9.324732917256714,4.705630497693715,11.125524133310421,9.758296003505313,7.9463373550451415,11.043160154170398
9.007438015852715,9.736792337986207,5.074794117463986,3.7636866814438266,8.08263224457203,7.426812627982454,8.812205130167381,6.674557091127805,13.197702125592574,13.70265467307708,3.92332743831221,5.598158122931256,-0.804334112145153,7.952158867720607,11.016428015749204,7.034299468812938,13.0075384993694,11.143489139686798,11.043160154170398,10.295082032436632
